<?xml version="1.0" encoding="UTF-8"?>
<configuration>
    <!--控制台日志-->
    <appender name="console" class="ch.qos.logback.core.ConsoleAppender">
        <encoder>
            <pattern>%d{yyyy-MM-dd HH:mm:ss.SSS} [%-5level] [%thread] [%logger] %msg%n</pattern>
        </encoder>
    </appender>

    <!--错误日志-->
    <appender name="fileError" class="ch.qos.logback.core.rolling.RollingFileAppender">
        <rollingPolicy class="ch.qos.logback.core.rolling.TimeBasedRollingPolicy">
            <fileNamePattern>../apilogs/%d{yyyy-MM-dd}-error.log</fileNamePattern>
        </rollingPolicy>
        <filter class="ch.qos.logback.classic.filter.LevelFilter">
            <level>ERROR</level>
            <onMatch>ACCEPT</onMatch>
            <onMismatch>DENY</onMismatch>
        </filter>
        <encoder>
            <pattern>%d{yyyy-MM-dd HH:mm:ss.SSS} [%-5level] [%thread] [%logger] %msg%n</pattern>
        </encoder>
    </appender>

    <!--警告日志-->
    <appender name="fileWarn" class="ch.qos.logback.core.rolling.RollingFileAppender">
        <rollingPolicy class="ch.qos.logback.core.rolling.TimeBasedRollingPolicy">
            <fileNamePattern>../apilogs/%d{yyyy-MM-dd}-warn.log</fileNamePattern>
        </rollingPolicy>
        <filter class="ch.qos.logback.classic.filter.LevelFilter">
            <level>WARN</level>
            <onMatch>ACCEPT</onMatch>
            <onMismatch>DENY</onMismatch>
        </filter>
        <encoder>
            <pattern>%d{yyyy-MM-dd HH:mm:ss.SSS} [%-5level] [%thread] [%logger] %msg%n</pattern>
        </encoder>
    </appender>

    <!--一般信息的日志-->
    <appender name="fileInfo" class="ch.qos.logback.core.rolling.RollingFileAppender">
        <rollingPolicy class="ch.qos.logback.core.rolling.TimeBasedRollingPolicy">
            <fileNamePattern>../apilogs/%d{yyyy-MM-dd}-info.log</fileNamePattern>
        </rollingPolicy>
        <filter class="ch.qos.logback.classic.filter.LevelFilter">
            <level>INFO</level>
            <onMatch>ACCEPT</onMatch>
            <onMismatch>DENY</onMismatch>
        </filter>
        <encoder>
            <pattern>%d{yyyy-MM-dd HH:mm:ss.SSS} [%-5level] [%thread] [%logger] %msg%n</pattern>
        </encoder>
    </appender>

    <logger name="org" level="INFO" addtivity="false">
        <appender-ref ref="fileError"/>
        <appender-ref ref="fileWarn"/>
        <appender-ref ref="fileInfo"/>
        <appender-ref ref="console"/>
    </logger>

</configuration>